scenario,concurrency,total_requests,successes,failures,throughput_rps,avg_latency_ms,p95_latency_ms,p99_latency_ms,wall_time_s
adaptive,20,300,300,0,44.75,323.43,1128.71,1339.22,6.7
adaptive,50,750,750,0,56.18,635.69,2898.4,3110.24,13.35
adaptive,100,1500,1500,0,58.47,1272.52,5233.88,5477.28,25.65
flask_only,20,300,300,0,32.15,589.51,834.01,971.51,9.33
flask_only,50,750,750,0,31.25,1534.94,1889.31,2019.95,24.0
flask_only,100,1500,1500,0,31.3,3095.22,3713.28,3854.34,47.93
fastapi_only,20,300,300,0,12.43,1565.41,2790.87,3079.52,24.13
fastapi_only,50,750,750,0,11.16,4335.98,6684.97,7523.55,67.23
fastapi_only,100,1500,1486,14,11.7,7740.32,10850.89,17100.46,127.06
